1.0,3.892084231947355,1.0,-4.520402762665314,1.0,1.7104226669544431,1.0,-1.2217304763960308,1.0,3.368485456349056,1.0,-0.4014257279586957,1.0,0.19198621771937585,1.0,1.6057029118347836,1.0,-2.426007660272118,1.0,simple_random_walk
1.0,-1.0297442586766543,1.0,3.508111796508602,1.0,-4.101523742186674,1.0,3.22885911618951,1.0,0.3839724354387526,1.0,1.5707963267948961,1.0,-5.410520681182422,1.0,6.19591884457987,1.0,-2.234021442552742,1.0,simple_random_walk
1.0,-0.3316125578789224,1.0,3.2288591161895095,1.0,-4.363323129985824,1.0,1.9198621771937625,1.0,-2.5656340004316642,1.0,-0.06981317007977317,1.0,0.034906585039886584,1.0,5.567600313861911,1.0,-0.959931088596881,1.0,simple_random_walk
1.0,3.333578871309169,1.0,2.7227136331111543,1.0,-4.206243497306334,1.0,1.8500490071139892,1.0,-3.5255650890285457,1.0,4.468042885105484,1.0,-2.7401669256310974,1.0,1.937315469713706,1.0,0.5061454830783552,1.0,simple_random_walk
1.0,-2.8623399732707004,1.0,0.9948376736367677,1.0,-1.0122909661567112,1.0,3.9793506945470716,1.0,-4.084070449666731,1.0,2.146754979953025,1.0,-1.5184364492350664,1.0,-2.3911010752322315,1.0,3.5255650890285457,1.0,simple_random_walk
1.0,0.7679448708775052,1.0,-4.834562028024293,1.0,0.7679448708775052,1.0,3.9618974020271285,1.0,-2.984513020910304,1.0,-1.5707963267948966,1.0,1.902408884673819,1.0,1.5009831567151237,1.0,-0.6981317007977319,1.0,simple_random_walk
1.0,1.4660765716752362,1.0,-4.29350995990605,1.0,1.0122909661567112,1.0,-0.17453292519943275,1.0,2.705260340591211,1.0,-0.7853981633974483,1.0,0.05235987755982929,1.0,-0.9948376736367672,1.0,1.7453292519943293,1.0,simple_random_walk
1.0,3.9793506945470716,1.0,-2.1118483949131392,1.0,1.43116998663535,1.0,0.10471975511965992,1.0,2.2340214425527414,1.0,-4.39822971502571,1.0,1.7278759594743867,1.0,1.6231562043547259,1.0,1.3788101090755207,1.0,simple_random_walk
1.0,-2.6878070480712677,1.0,-2.5656340004316647,1.0,3.141592653589793,1.0,2.0071286397934784,1.0,-1.3788101090755198,1.0,-3.577924966588376,1.0,0.4886921905584123,1.0,3.193952531149623,1.0,-1.1344640137963138,1.0,simple_random_walk
1.0,1.0646508437165405,1.0,-4.101523742186674,1.0,3.926990816987241,1.0,-3.804817769347638,1.0,2.356194490192345,1.0,2.7401669256310974,1.0,-0.19198621771937674,1.0,-0.12217304763960257,1.0,-1.658062789394613,1.0,simple_random_walk
1.0,-4.258603374866164,1.0,-0.017453292519943098,1.0,2.9845130209103035,1.0,-2.4609142453120043,1.0,-1.9198621771937627,1.0,1.6755160819145563,1.0,3.036872898470134,1.0,0.06981317007977239,1.0,-2.827433388230814,1.0,simple_random_walk
1.0,0.9773843811168246,1.0,-1.5184364492350664,1.0,2.0769418098732517,1.0,-2.0071286397934784,1.0,0.959931088596881,1.0,-1.7104226669544427,1.0,3.490658503988659,1.0,-0.9948376736367681,1.0,0.5410520681182422,1.0,simple_random_walk
1.0,3.3859387488689987,1.0,1.1519173063162578,1.0,-3.420845333908886,1.0,3.473205211468716,1.0,0.3839724354387526,1.0,-3.1764992386296798,1.0,1.9722220547535918,1.0,-3.316125578789226,1.0,3.804817769347639,1.0,simple_random_walk
1.0,1.8325957145940461,1.0,-0.13962634015954656,1.0,-3.1590459461097367,1.0,2.722713633111154,1.0,-0.8203047484373345,1.0,0.6457718232379017,1.0,-1.1519173063162573,1.0,0.5235987755982987,1.0,-0.6108652381980155,1.0,simple_random_walk
1.0,4.799655442984406,1.0,0.017453292519943986,1.0,0.7504915783575612,1.0,-0.10471975511965947,1.0,-2.513274122871835,1.0,1.1344640137963142,1.0,1.2740903539558603,1.0,-5.113814708343385,1.0,1.7976891295541595,1.0,simple_random_walk
1.0,-4.101523742186674,1.0,3.333578871309169,1.0,0.3141592653589802,1.0,-3.612831551628263,1.0,-0.8028514559173915,1.0,4.118977034706618,1.0,-2.652900463031381,1.0,-1.9896753472735358,1.0,5.724679946541401,1.0,simple_random_walk
1.0,0.10471975511965981,1.0,-0.5934119456780721,1.0,3.892084231947355,1.0,-3.9095375244672987,1.0,2.373647782712288,1.0,-0.27925268031909223,1.0,0.17453292519943275,1.0,-1.413716694115407,1.0,4.590215932745087,1.0,simple_random_walk
1.0,1.43116998663535,1.0,-0.48869219055841207,1.0,-1.9722220547535925,1.0,0.8726646259971647,1.0,-0.06981317007977306,1.0,0.8552113334772216,1.0,2.443460952792061,1.0,-3.2114058236695664,1.0,4.363323129985824,1.0,simple_random_walk
1.0,3.351032163829112,1.0,-3.1590459461097358,1.0,1.4311699866353504,1.0,2.2165681500327983,1.0,-3.4033920413889427,1.0,1.570796326794897,1.0,-0.20943951023931984,1.0,-3.2114058236695664,1.0,-0.8028514559173917,1.0,simple_random_walk
1.0,0.6632251157578457,1.0,-0.3839724354387526,1.0,0.6981317007977315,1.0,-2.0769418098732517,1.0,0.6283185307179584,1.0,-1.3439035240356334,1.0,1.2915436464758037,1.0,2.303834612632515,1.0,-2.6878070480712672,1.0,simple_random_walk
1.0,-1.553343034274953,1.0,-3.682644721708036,1.0,1.832595714594046,1.0,-1.8500490071139892,1.0,3.385938748868999,1.0,-2.251474735072685,1.0,-0.9773843811168246,1.0,1.117010721276371,1.0,2.5481807079117207,1.0,simple_random_walk
1.0,1.5358897417550095,1.0,-2.2514747350726854,1.0,1.0471975511965983,1.0,-2.897246558310587,1.0,3.6651914291880923,1.0,0.5759586531581284,1.0,-1.5882496193148405,1.0,-0.5934119456780715,1.0,-2.0245819323134224,1.0,simple_random_walk
1.0,1.1170107212763707,1.0,-5.532693728822025,1.0,3.263765701229396,1.0,2.4958208303518914,1.0,-0.8901179185171086,1.0,-2.268928027592628,1.0,3.01941960595019,1.0,-0.24434609527920603,1.0,-1.8325957145940466,1.0,simple_random_walk
1.0,2.1293016874330823,1.0,-1.5358897417550101,1.0,0.767944870877505,1.0,-1.4660765716752369,1.0,2.303834612632515,1.0,-2.0943951023931957,1.0,0.05235987755982996,1.0,2.0769418098732517,1.0,-0.10471975511965947,1.0,simple_random_walk
1.0,2.303834612632515,1.0,1.32645023151569,1.0,-2.792526803190927,1.0,-1.0995574287564276,1.0,-1.082104136236484,1.0,4.939281783143953,1.0,-4.6774823953448035,1.0,4.939281783143953,1.0,-3.333578871309169,1.0,simple_random_walk
1.0,-0.977384381116825,1.0,-2.5830872929516078,1.0,4.031710572106901,1.0,-1.0122909661567103,1.0,-4.2062434973063345,1.0,3.0368728984701336,1.0,-1.58824961931484,1.0,1.308996938995747,1.0,-2.2165681500327983,1.0,simple_random_walk
1.0,3.2812189937493392,1.0,0.9075712110370517,1.0,-2.1642082724729685,1.0,1.4137166941154065,1.0,-3.543018381548489,1.0,2.670353755551324,1.0,-3.4732052114687155,1.0,5.009094953223725,1.0,-2.460914245312004,1.0,simple_random_walk
1.0,1.8675022996339323,1.0,-0.05235987755982929,1.0,-4.310963252425994,1.0,2.7576202181510405,1.0,2.5656340004316647,1.0,-1.8849555921538763,1.0,-1.064650843716541,1.0,-2.356194490192345,1.0,1.239183768915974,1.0,simple_random_walk
1.0,1.1344640137963142,1.0,2.111848394913139,1.0,-3.8222710618675815,1.0,1.8151424220741026,1.0,0.8028514559173914,1.0,-1.9198621771937625,1.0,0.47123889803846897,1.0,3.647738136668149,1.0,-5.1661745859032155,1.0,simple_random_walk
1.0,1.5009831567151233,1.0,-1.8151424220741026,1.0,3.0543261909900767,1.0,-1.3613568165555776,1.0,-0.4363323129985819,1.0,0.4188790204786388,1.0,-2.6529004630313806,1.0,-1.5184364492350666,1.0,-0.22689280275926277,1.0,simple_random_walk
1.0,0.4363323129985822,1.0,0.31415926535897953,1.0,-0.017453292519943542,1.0,3.316125578789226,1.0,-2.897246558310587,1.0,0.4886921905584125,1.0,0.5759586531581284,1.0,2.3911010752322315,1.0,-0.8377580409572776,1.0,simple_random_walk
1.0,1.0122909661567112,1.0,-0.2617993877991496,1.0,0.017453292519943098,1.0,-2.024581932313422,1.0,1.5882496193148397,1.0,-0.5061454830783556,1.0,3.2986722862692823,1.0,-1.0297442586766543,1.0,-3.1590459461097358,1.0,simple_random_walk
1.0,-0.24434609527920603,1.0,-3.9968039870670147,1.0,1.9373154697137058,1.0,-2.5132741228718345,1.0,3.2812189937493392,1.0,-2.9845130209103035,1.0,2.7401669256310974,1.0,-2.0769418098732517,1.0,-0.1919862177193763,1.0,simple_random_walk
1.0,-2.024581932313422,1.0,4.468042885105484,1.0,-0.24434609527920603,1.0,-1.8675022996339328,1.0,-2.6878070480712672,1.0,4.4156830075456535,1.0,-0.19198621771937674,1.0,-2.91469985083053,1.0,3.0543261909900767,1.0,simple_random_walk
1.0,1.658062789394613,1.0,0.8726646259971651,1.0,-0.6108652381980155,1.0,2.3911010752322315,1.0,-0.26179938779915,1.0,-3.7524578917878078,1.0,3.07177948351002,1.0,-1.6231562043547263,1.0,-1.5009831567151235,1.0,simple_random_walk
1.0,2.234021442552742,1.0,-2.5307274153917776,1.0,5.375614096142535,1.0,0.5061454830783552,1.0,-5.864306286700947,1.0,0.6806784082777884,1.0,2.879793265790644,1.0,-2.670353755551324,1.0,-0.6632251157578453,1.0,simple_random_walk
1.0,0.45378560551852565,1.0,3.106686068549907,1.0,-1.4835298641951806,1.0,-2.3212879051524578,1.0,-0.4014257279586959,1.0,2.9845130209103035,1.0,-2.5307274153917776,1.0,4.590215932745086,1.0,-3.926990816987241,1.0,simple_random_walk
1.0,-0.5061454830783556,1.0,2.9670597283903604,1.0,-0.5061454830783556,1.0,1.466076571675237,1.0,-2.2165681500327987,1.0,2.286381320112571,1.0,-2.6529004630313806,1.0,2.007128639793479,1.0,-1.448623279155293,1.0,simple_random_walk
1.0,0.9599310885968813,1.0,3.961897402027128,1.0,-2.9845130209103035,1.0,-2.478367537831948,1.0,-0.12217304763960307,1.0,-0.13962634015954634,1.0,2.548180707911721,1.0,2.6878070480712677,1.0,-2.4783675378319483,1.0,simple_random_walk
1.0,-0.5235987755982987,1.0,-0.6981317007977319,1.0,0.7679448708775047,1.0,-3.0019663134302466,1.0,0.0,1.0,2.2689280275926285,1.0,2.5307274153917776,1.0,-1.2915436464758034,1.0,-3.0717794835100203,1.0,simple_random_walk
1.0,-0.3141592653589793,1.0,3.5953782591083185,1.0,-0.6806784082777879,1.0,1.3089969389957465,1.0,-1.9547687622336491,1.0,1.7104226669544431,1.0,-2.722713633111154,1.0,-0.8726646259971651,1.0,-0.6806784082777881,1.0,simple_random_walk
1.0,-2.984513020910304,1.0,0.8901179185171082,1.0,-0.9773843811168246,1.0,0.43633231299858233,1.0,1.0122909661567108,1.0,-2.495820830351891,1.0,1.780235837034216,1.0,-1.7104226669544427,1.0,3.211405823669566,1.0,simple_random_walk
1.0,5.009094953223726,1.0,-0.6806784082777888,1.0,0.6108652381980155,1.0,-2.722713633111154,1.0,-0.9948376736367677,1.0,1.4486232791552935,1.0,-0.7330382858376185,1.0,-2.3736477827122884,1.0,2.548180707911721,1.0,simple_random_walk
1.0,1.1693705988362006,1.0,2.3387411976724017,1.0,-2.4609142453120048,1.0,-0.5235987755982991,1.0,0.8028514559173918,1.0,-2.0943951023931957,1.0,3.9618974020271285,1.0,0.6108652381980155,1.0,-0.2967059728390362,1.0,simple_random_walk
1.0,-4.502949470145371,1.0,1.3613568165555767,1.0,-0.2268928027592625,1.0,-1.7802358370342162,1.0,1.9896753472735356,1.0,1.413716694115407,1.0,-2.9321531433504733,1.0,1.7453292519943295,1.0,2.530727415391778,1.0,simple_random_walk
1.0,0.03490658503988664,1.0,-0.471238898038469,1.0,5.480333851262195,1.0,-5.585053606381854,1.0,2.4958208303518914,1.0,0.6108652381980151,1.0,1.2042771838760875,1.0,-0.20943951023931984,1.0,-2.8274333882308134,1.0,simple_random_walk
1.0,3.577924966588376,1.0,-1.5533430342749535,1.0,-2.2340214425527414,1.0,3.857177646907468,1.0,1.396263401595463,1.0,-4.39822971502571,1.0,0.05235987755982996,1.0,-0.26179938779914935,1.0,-0.06981317007977328,1.0,simple_random_walk
1.0,-0.12217304763960257,1.0,-1.7802358370342164,1.0,3.6477381366681483,1.0,0.7853981633974483,1.0,-2.75762021815104,1.0,-1.5009831567151235,1.0,0.7155849933176752,1.0,-0.5759586531581289,1.0,3.612831551628262,1.0,simple_random_walk
1.0,2.530727415391778,1.0,2.7576202181510405,1.0,0.43633231299858277,1.0,-1.0646508437165414,1.0,1.2217304763960302,1.0,-4.328416544945936,1.0,-0.24434609527920625,1.0,1.0821041362364843,1.0,1.1868238913561444,1.0,simple_random_walk
1.0,-3.4033920413889422,1.0,-0.9773843811168246,1.0,5.532693728822025,1.0,-3.7524578917878086,1.0,0.05235987755982974,1.0,-1.6929693744344996,1.0,5.532693728822025,1.0,-2.1118483949131392,1.0,-0.13962634015954611,1.0,simple_random_walk
1.0,-2.6703537555513237,1.0,2.6005405854715513,1.0,-0.9250245035569948,1.0,0.8901179185171078,1.0,-0.7504915783575612,1.0,-3.9618974020271285,1.0,3.4382986264288293,1.0,-0.5061454830783556,1.0,-1.5009831567151235,1.0,simple_random_walk
1.0,2.0245819323134224,1.0,-4.118977034706617,1.0,5.550147021341967,1.0,-2.042035224833365,1.0,1.3788101090755203,1.0,-4.939281783143953,1.0,0.3839724354387525,1.0,5.637413483941684,1.0,-3.0194196059501897,1.0,simple_random_walk
1.0,-3.944444109507185,1.0,4.066617157146787,1.0,-4.171336912266447,1.0,0.1047197551196597,1.0,1.082104136236484,1.0,0.1570796326794901,1.0,1.082104136236484,1.0,1.4835298641951802,1.0,-1.4486232791552935,1.0,simple_random_walk
1.0,3.926990816987242,1.0,-4.6774823953448035,1.0,1.2915436464758039,1.0,2.251474735072685,1.0,-4.276056667386107,1.0,1.5184364492350666,1.0,3.141592653589793,1.0,-1.8849555921538759,1.0,1.6406094968746698,1.0,simple_random_walk
1.0,-1.8849555921538759,1.0,2.2165681500327983,1.0,-0.4188790204786388,1.0,-3.700098014227979,1.0,0.12217304763960302,1.0,0.6632251157578453,1.0,1.6231562043547263,1.0,1.7104226669544431,1.0,-1.8500490071139888,1.0,simple_random_walk
1.0,1.6755160819145565,1.0,-0.6806784082777884,1.0,1.989675347273535,1.0,0.45378560551852676,1.0,0.3839724354387517,1.0,-3.385938748868999,1.0,3.316125578789226,1.0,-3.804817769347638,1.0,-1.5358897417550101,1.0,simple_random_walk
1.0,3.9269908169872414,1.0,1.204277183876087,1.0,-2.4783675378319474,1.0,-1.8675022996339328,1.0,3.141592653589793,1.0,-2.7401669256310974,1.0,0.959931088596881,1.0,-0.12217304763960257,1.0,3.525565089028545,1.0,simple_random_walk
1.0,2.2514747350726854,1.0,-1.6057029118347832,1.0,-1.8500490071139895,1.0,4.799655442984406,1.0,0.0,1.0,-2.129301687433082,1.0,1.1693705988362009,1.0,-4.5553093477052,1.0,0.34906585039886584,1.0,simple_random_walk
1.0,-0.8203047484373354,1.0,0.506145483078356,1.0,-1.7278759594743862,1.0,-1.7976891295541595,1.0,-0.1919862177193763,1.0,0.8552113334772216,1.0,1.5707963267948961,1.0,-1.867502299633932,1.0,3.141592653589793,1.0,simple_random_walk
1.0,3.9618974020271276,1.0,1.658062789394613,1.0,-2.565634000431664,1.0,2.181661564992911,1.0,-2.5830872929516073,1.0,0.31415926535897887,1.0,1.1693705988362009,1.0,-3.124139361069849,1.0,3.385938748868999,1.0,simple_random_walk
1.0,4.328416544945938,1.0,-3.874630939427412,1.0,1.466076571675237,1.0,3.33357887130917,1.0,-4.712388980384691,1.0,1.48352986419518,1.0,-1.6406094968746694,1.0,0.5061454830783555,1.0,4.258603374866164,1.0,simple_random_walk
1.0,0.24434609527920603,1.0,0.12217304763960346,1.0,-5.532693728822025,1.0,3.246312408709453,1.0,-1.8151424220741026,1.0,1.2566370614359168,1.0,0.4537856055185263,1.0,-0.31415926535897976,1.0,-2.0769418098732517,1.0,simple_random_walk
1.0,1.0122909661567112,1.0,-2.7925268031909276,1.0,4.433136300065597,1.0,-1.204277183876087,1.0,-2.4609142453120043,1.0,-0.8203047484373349,1.0,2.775073510670984,1.0,1.5184364492350664,1.0,-0.5934119456780724,1.0,simple_random_walk
1.0,-2.6005405854715518,1.0,4.852015320544236,1.0,-3.263765701229396,1.0,-0.15707963267948966,1.0,-0.26179938779914913,1.0,1.1519173063162573,1.0,1.6231562043547259,1.0,-4.956735075663896,1.0,1.658062789394613,1.0,simple_random_walk
1.0,-0.8028514559173914,1.0,1.2566370614359172,1.0,-4.991641660703783,1.0,0.08726646259971646,1.0,5.340707511102649,1.0,-0.19198621771937674,1.0,-3.246312408709453,1.0,0.15707963267948966,1.0,-0.48869219055841207,1.0,simple_random_walk
1.0,0.9948376736367681,1.0,-1.2217304763960308,1.0,3.5255650890285457,1.0,-3.054326190990077,1.0,0.6457718232379022,1.0,0.3490658503988655,1.0,2.443460952792062,1.0,-2.984513020910304,1.0,3.8571776469074686,1.0,simple_random_walk
1.0,-2.4783675378319474,1.0,3.368485456349056,1.0,-1.6929693744344996,1.0,1.2042771838760875,1.0,-0.6283185307179591,1.0,-2.670353755551324,1.0,0.767944870877505,1.0,3.246312408709453,1.0,-1.675516081914557,1.0,simple_random_walk
1.0,0.7155849933176754,1.0,-1.5707963267948968,1.0,-0.7504915783575618,1.0,0.8377580409572781,1.0,4.031710572106902,1.0,-4.97418836818384,1.0,4.76474885794452,1.0,-2.234021442552742,1.0,3.3859387488689996,1.0,simple_random_walk
1.0,-4.590215932745087,1.0,-0.5410520681182422,1.0,3.8048177693476384,1.0,-1.1344640137963142,1.0,1.780235837034216,1.0,-2.3387411976724017,1.0,1.1170107212763711,1.0,0.593411945678072,1.0,1.5533430342749535,1.0,simple_random_walk
1.0,1.53588974175501,1.0,-1.8325957145940461,1.0,-2.8797932657906435,1.0,1.0995574287564276,1.0,2.844886680750757,1.0,0.06981317007977328,1.0,-0.8901179185171078,1.0,-0.4014257279586957,1.0,2.0943951023931957,1.0,simple_random_walk
1.0,-0.5410520681182418,1.0,3.0717794835100203,1.0,-0.9948376736367681,1.0,-0.6981317007977319,1.0,-3.4033920413889427,1.0,4.782202150464462,1.0,-2.408554367752174,1.0,0.034906585039886195,1.0,-1.5882496193148397,1.0,simple_random_walk
1.0,-4.956735075663896,1.0,2.4609142453120048,1.0,3.193952531149623,1.0,-0.3316125578789224,1.0,-0.7853981633974483,1.0,-2.792526803190927,1.0,2.3561944901923444,1.0,1.2391837689159741,1.0,-0.7504915783575621,1.0,simple_random_walk
1.0,-0.9250245035569948,1.0,3.543018381548489,1.0,-4.747295565424577,1.0,2.4958208303518914,1.0,1.5184364492350664,1.0,0.43633231299858277,1.0,-1.2391837689159741,1.0,-2.96705972839036,1.0,1.448623279155293,1.0,simple_random_walk
1.0,-4.6774823953448035,1.0,6.03883921190038,1.0,-2.5830872929516073,1.0,1.6929693744344996,1.0,-1.3613568165555776,1.0,-0.1919862177193763,1.0,-0.6108652381980146,1.0,2.5481807079117202,1.0,-0.3316125578789215,1.0,simple_random_walk
1.0,-5.654866776461628,1.0,3.8048177693476384,1.0,-2.199114857512855,1.0,3.5081117965086026,1.0,0.08726646259971638,1.0,-3.2114058236695664,1.0,3.0368728984701336,1.0,-5.445427266222309,1.0,3.4557519189487724,1.0,simple_random_walk
1.0,-4.241150082346222,1.0,4.276056667386108,1.0,-2.111848394913139,1.0,-1.1344640137963138,1.0,-0.8203047484373351,1.0,-0.9424777960769379,1.0,4.747295565424576,1.0,-5.305800926062761,1.0,3.01941960595019,1.0,simple_random_walk
1.0,1.3089969389957474,1.0,2.443460952792061,1.0,-1.2566370614359172,1.0,-2.1467549799530254,1.0,-1.3613568165555772,1.0,2.7750735106709836,1.0,-1.8151424220741026,1.0,2.0245819323134224,1.0,-2.827433388230814,1.0,simple_random_walk
1.0,0.3839724354387526,1.0,-4.153883619746504,1.0,2.0071286397934793,1.0,2.146754979953025,1.0,-3.6826447217080354,1.0,4.39822971502571,1.0,-1.5009831567151233,1.0,-3.159045946109736,1.0,2.5481807079117207,1.0,simple_random_walk
1.0,5.270894341022876,1.0,-1.919862177193763,1.0,-3.7699111843077517,1.0,1.2915436464758039,1.0,3.0543261909900767,1.0,-3.089232776029964,1.0,4.729842272904633,1.0,-5.340707511102648,1.0,2.7576202181510405,1.0,simple_random_walk
1.0,0.47123889803846897,1.0,-3.682644721708035,1.0,2.932153143350473,1.0,-2.687807048071267,1.0,-0.8552113334772216,1.0,2.8623399732707004,1.0,-2.8623399732707004,1.0,0.2617993877991496,1.0,0.8552113334772211,1.0,simple_random_walk
1.0,-1.7802358370342162,1.0,0.05235987755982996,1.0,5.567600313861911,1.0,-1.5707963267948966,1.0,1.2217304763960302,1.0,-2.600540585471551,1.0,0.8901179185171078,1.0,0.3839724354387526,1.0,0.4188790204786388,1.0,simple_random_walk
1.0,1.0646508437165412,1.0,1.1519173063162575,1.0,3.1764992386296793,1.0,-0.8726646259971647,1.0,-2.5481807079117207,1.0,0.7679448708775047,1.0,2.268928027592629,1.0,-3.385938748869,1.0,1.4311699866353504,1.0,simple_random_walk
1.0,-1.448623279155294,1.0,-2.024581932313422,1.0,2.775073510670984,1.0,-2.0071286397934793,1.0,3.141592653589794,1.0,-2.513274122871835,1.0,-0.9599310885968815,1.0,0.3316125578789224,1.0,3.141592653589794,1.0,simple_random_walk
1.0,3.717551306747922,1.0,-5.6374134839416845,1.0,5.288347633542818,1.0,-1.9547687622336487,1.0,-0.7679448708775047,1.0,1.0297442586766548,1.0,-1.6406094968746698,1.0,0.17453292519943275,1.0,-0.6981317007977319,1.0,simple_random_walk
1.0,4.939281783143953,1.0,-4.118977034706617,1.0,3.7000980142279785,1.0,-1.2042771838760875,1.0,1.2217304763960306,1.0,-3.874630939427411,1.0,4.101523742186674,1.0,-3.07177948351002,1.0,1.7627825445142724,1.0,simple_random_walk
1.0,-3.246312408709453,1.0,-0.22689280275926293,1.0,0.0,1.0,2.705260340591211,1.0,-0.7155849933176754,1.0,-0.4537856055185254,1.0,0.8203047484373349,1.0,-1.43116998663535,1.0,-1.1170107212763711,1.0,simple_random_walk
1.0,4.24115008234622,1.0,-3.351032163829112,1.0,-2.1293016874330823,1.0,0.34906585039886595,1.0,1.0821041362364845,1.0,1.5184364492350664,1.0,-0.6806784082777884,1.0,1.53588974175501,1.0,-3.5081117965086026,1.0,simple_random_walk
1.0,-1.2566370614359175,1.0,0.08726646259971654,1.0,4.834562028024293,1.0,-5.131268000863329,1.0,1.7278759594743862,1.0,4.171336912266447,1.0,-5.794493116621174,1.0,4.118977034706617,1.0,0.2967059728390362,1.0,simple_random_walk
1.0,-1.5184364492350673,1.0,-0.8901179185171078,1.0,2.8623399732707,1.0,-3.4732052114687155,1.0,-1.3962634015954636,1.0,4.415683007545654,1.0,0.7155849933176741,1.0,-4.6425758103049155,1.0,-0.6981317007977318,1.0,simple_random_walk
1.0,1.5882496193148397,1.0,-1.4835298641951797,1.0,2.3387411976724013,1.0,-0.4014257279586957,1.0,-0.6457718232379017,1.0,-1.8675022996339325,1.0,0.5585053606381851,1.0,0.03490658503988664,1.0,0.43633231299858277,1.0,simple_random_walk
1.0,0.7679448708775052,1.0,0.2792526803190931,1.0,-1.6929693744344996,1.0,-1.58824961931484,1.0,2.146754979953026,1.0,-1.727875959474387,1.0,0.6457718232379022,1.0,1.4835298641951806,1.0,0.8552113334772207,1.0,simple_random_walk
1.0,0.9250245035569944,1.0,-1.204277183876087,1.0,-0.29670597283903605,1.0,-0.27925268031909267,1.0,-0.08726646259971649,1.0,4.241150082346222,1.0,-1.4311699866353509,1.0,0.5759586531581284,1.0,1.7627825445142733,1.0,simple_random_walk
1.0,-0.8203047484373347,1.0,1.8151424220741024,1.0,-2.146754979953025,1.0,4.34586983746588,1.0,-4.4156830075456535,1.0,-1.0821041362364843,1.0,-0.13962634015954634,1.0,3.33357887130917,1.0,-2.164208272472969,1.0,simple_random_walk
1.0,-1.0995574287564267,1.0,-4.328416544945938,1.0,4.537856055185257,1.0,-1.658062789394613,1.0,-1.1170107212763707,1.0,-1.1170107212763711,1.0,-0.45378560551852554,1.0,3.4208453339088853,1.0,1.6929693744345,1.0,simple_random_walk
1.0,-2.5830872929516078,1.0,0.19198621771937624,1.0,4.468042885105484,1.0,-4.241150082346221,1.0,4.136430327226561,1.0,-3.525565089028546,1.0,-0.7853981633974481,1.0,2.076941809873252,1.0,-1.3962634015954636,1.0,simple_random_walk
1.0,-3.054326190990077,1.0,0.8901179185171081,1.0,-1.4486232791552935,1.0,4.2062434973063345,1.0,1.2391837689159733,1.0,-4.537856055185257,1.0,1.3264502315156905,1.0,3.6477381366681487,1.0,-4.415683007545654,1.0,simple_random_walk
1.0,-1.9198621771937625,1.0,-0.5235987755982983,1.0,-0.5410520681182422,1.0,2.705260340591211,1.0,-3.246312408709453,1.0,-0.06981317007977328,1.0,3.4033920413889427,1.0,-0.05235987755983018,1.0,-3.508111796508602,1.0,simple_random_walk
1.0,-1.658062789394613,1.0,4.729842272904633,1.0,0.017453292519943098,1.0,-3.7175513067479216,1.0,1.5707963267948968,1.0,0.6981317007977315,1.0,1.5707963267948961,1.0,0.8377580409572793,1.0,-1.239183768915975,1.0,simple_random_walk
1.0,-1.0297442586766534,1.0,-4.118977034706618,1.0,2.600540585471551,1.0,1.7453292519943293,1.0,-1.204277183876087,1.0,1.1170107212763707,1.0,-3.01941960595019,1.0,3.001966313430247,1.0,-0.9948376736367681,1.0,simple_random_walk
1.0,-5.305800926062761,1.0,1.7627825445142726,1.0,3.0717794835100207,1.0,-4.799655442984407,1.0,1.5882496193148399,1.0,-0.6632251157578453,1.0,-0.7155849933176752,1.0,0.4886921905584123,1.0,-0.8203047484373348,1.0,simple_random_walk
1.0,0.5590851150388336,1.0,0.21551724563878905,1.0,-0.5264644583170415,1.0,-0.28475718771244196,1.0,0.44102717736282493,1.0,0.1897317784596977,1.0,0.2164810984213421,1.0,-0.8077591004509346,1.0,-0.026874527928275604,1.0,biased_random_walk
1.0,-0.08092819096841852,1.0,0.36990508704018277,1.0,-0.19244936577070693,1.0,-0.37847129878382635,1.0,-0.060198194786237114,1.0,0.9930101997192278,1.0,-0.998094460341457,1.0,-0.1731832351187328,1.0,-0.12336265990444151,1.0,biased_random_walk
1.0,0.017401854883925427,1.0,-0.17110477121070966,1.0,0.09868344675613638,1.0,0.1170244492386856,1.0,0.14636520160415278,1.0,0.14116387130065222,1.0,-0.3096165233382049,1.0,-0.6979911638867922,1.0,0.8696996385587354,1.0,biased_random_walk
1.0,0.4357319244733877,1.0,-0.4546161634231356,1.0,0.5151852857694252,1.0,-0.272503901391858,1.0,0.34643099576871306,1.0,1.0773645295149956,1.0,-1.1689914385189764,1.0,0.3109930787698354,1.0,-0.7559541881743721,1.0,biased_random_walk
1.0,0.33180082978479764,1.0,-0.2635989006328838,1.0,0.1615656350346506,1.0,-0.0931492337972375,1.0,-0.3872758588355252,1.0,0.547991345567798,1.0,-0.4802345227112177,1.0,0.9368154002786309,1.0,-0.8297142500090504,1.0,biased_random_walk
1.0,-0.23867169562820756,1.0,0.3316408713380956,1.0,-0.5426510269201539,1.0,0.558860196105095,1.0,-0.39191864291034584,1.0,0.4842254860869648,1.0,-0.223091872102406,1.0,-0.16856413869898335,1.0,-0.32169130382489497,1.0,biased_random_walk
1.0,-0.10459778405955689,1.0,0.40971361629073755,1.0,-0.7047367348900595,1.0,0.32525468005045255,1.0,-0.01634519390611988,1.0,-0.07852630064923183,1.0,-0.0260141439601993,1.0,-0.009188987383251135,1.0,-0.27245264000519365,1.0,biased_random_walk
1.0,0.2157225576642996,1.0,0.3446272980881808,1.0,0.3212696408910327,1.0,-0.18643356788076781,1.0,0.02658414172590584,1.0,-0.09632648788252629,1.0,-0.027512517465492436,1.0,-0.17981323154374973,1.0,0.20530925408780654,1.0,biased_random_walk
1.0,-0.7334955888821026,1.0,-0.127819389422001,1.0,0.926382573961765,1.0,-0.5987862815264391,1.0,0.2535199383202089,1.0,-0.033896600015679734,1.0,-0.7014815333569344,1.0,1.245890512026011,1.0,-0.2295695354679066,1.0,biased_random_walk
1.0,0.20090523068018262,1.0,-0.21837100756593308,1.0,-0.3529287422225047,1.0,0.26951484503070056,1.0,0.16967943678054942,1.0,0.2589230035994987,1.0,-0.1419090886320502,1.0,-0.22680447890586253,1.0,0.45213785810053597,1.0,biased_random_walk
1.0,0.542313150437808,1.0,0.11145320054894947,1.0,-0.49015858264146317,1.0,-0.5231113090365107,1.0,0.30868621166944665,1.0,0.3990935463324128,1.0,0.10151436286319981,1.0,0.35617791960990486,1.0,-0.8909500186008237,1.0,biased_random_walk
1.0,0.22576155159293787,1.0,-0.2815211890931888,1.0,-0.7721365513456635,1.0,1.1086919260987886,1.0,0.5256198050181795,1.0,-0.4565585491697983,1.0,-0.6708165819844085,1.0,0.17629415295307638,1.0,0.2213823055709372,1.0,biased_random_walk
1.0,-0.6533303635654719,1.0,-0.17584024168432943,1.0,0.5039978855957425,1.0,-0.5721880714881347,1.0,0.6782567572093212,1.0,-0.8888496235837278,1.0,0.07337091679136076,1.0,0.4173720921406172,1.0,0.24556493684133684,1.0,biased_random_walk
1.0,-0.1229858512679729,1.0,-0.7411436208228834,1.0,0.3870341814199829,1.0,0.035682388120275466,1.0,0.026885820356898016,1.0,0.3909721378102602,1.0,-0.32170693489322666,1.0,0.3919522080250717,1.0,-0.2462133199468366,1.0,biased_random_walk
1.0,0.15741476252575382,1.0,0.1084211297732307,1.0,0.14987902729827773,1.0,-0.4662232596535496,1.0,0.08545299540731266,1.0,-0.3947674531840524,1.0,1.0358343170744106,1.0,-0.05307248187711844,1.0,-0.569191806143492,1.0,biased_random_walk
1.0,-0.2644184022047549,1.0,0.4907113481130878,1.0,0.012701984023906654,1.0,0.6895582725924578,1.0,-0.6755791726838027,1.0,-0.3575155971653934,1.0,-0.581811391150318,1.0,1.34530563292396,1.0,-0.42585796532088827,1.0,biased_random_walk
1.0,0.6247113047513184,1.0,-0.6244630698336664,1.0,1.7763878589718987,1.0,-0.8243029770665173,1.0,-0.19075806101772752,1.0,-0.2609441849813048,1.0,-0.6857874661701153,1.0,0.7027849885139505,1.0,-0.49853070758521456,1.0,biased_random_walk
1.0,-0.9547284589456857,1.0,0.4297544767989159,1.0,0.7425622563405789,1.0,0.1481048253783981,1.0,-0.9861251191555067,1.0,-0.12314136648648688,1.0,0.8424193982783024,1.0,-0.009184363979717336,1.0,-0.6421546639562417,1.0,biased_random_walk
1.0,0.00012012610671030544,1.0,-0.17295294317660526,1.0,0.17774982310626175,1.0,0.6740284839158375,1.0,-0.19585078314890136,1.0,0.4771489751977609,1.0,-0.7480278370650755,1.0,-0.01711378830476562,1.0,-0.2956764220975865,1.0,biased_random_walk
1.0,-0.41513969565601894,1.0,-0.1620697642570117,1.0,0.8637170150459066,1.0,0.2594021082660354,1.0,-0.21056958283549143,1.0,0.17297814519751897,1.0,-0.37701514316055107,1.0,-0.33879479618330954,1.0,0.28084997529802846,1.0,biased_random_walk
1.0,-0.2574165920266718,1.0,-0.20280497792908614,1.0,0.07320653661975918,1.0,0.5156544365151148,1.0,0.05453479039914244,1.0,-0.2182669975849052,1.0,0.6644740462209779,1.0,-0.4363315085392028,1.0,0.14095812136899655,1.0,biased_random_walk
1.0,-0.7116428884531802,1.0,-0.4013211941950918,1.0,0.9502179447571688,1.0,-0.5029392381954989,1.0,0.6979314858595025,1.0,-0.33978173353655494,1.0,0.23356529593607345,1.0,-0.0848268713783864,1.0,-0.9928293222099436,1.0,biased_random_walk
1.0,-0.4860203494247739,1.0,-0.02896934793680117,1.0,0.11205023715915319,1.0,0.4200179645831046,1.0,0.040574665829440804,1.0,0.044288539138126914,1.0,-0.9323421667802392,1.0,0.37319376151410344,1.0,-0.62303492146637,1.0,biased_random_walk
1.0,0.24509172448387506,1.0,-0.47617019196956,1.0,0.35213507059271265,1.0,-0.004693175424596241,1.0,0.2709687877197182,1.0,-0.6384474591580482,1.0,-0.002655308713288118,1.0,0.022943033923334966,1.0,0.8782044725765528,1.0,biased_random_walk
1.0,-0.42384470156589904,1.0,0.12190491229707945,1.0,-0.0388262970327613,1.0,0.030940752881055467,1.0,-0.1436960086648318,1.0,-0.043822833458504906,1.0,-0.32197530913446926,1.0,0.21458357060996036,1.0,0.800139884747709,1.0,biased_random_walk
1.0,-0.16469266244754444,1.0,-0.09758956818563025,1.0,0.09685871237628474,1.0,0.10146997914559153,1.0,-0.3488100546189381,1.0,0.2940068124197923,1.0,0.015243349009506524,1.0,-0.3450924819893926,1.0,-0.014100598938457054,1.0,biased_random_walk
1.0,-0.022461489982061433,1.0,0.6818015848443864,1.0,-1.1344768444144662,1.0,0.730729012131663,1.0,-0.12020144304508795,1.0,-0.0030343376182080384,1.0,0.25042645957830345,1.0,0.35965370595128654,1.0,-0.3670473730877313,1.0,biased_random_walk
1.0,-0.16481538574634236,1.0,0.16875392453010374,1.0,0.3633870327850013,1.0,-0.45592026913635353,1.0,-0.2626506106859452,1.0,-0.04106921859880108,1.0,0.0549512907146954,1.0,-0.09885824866744652,1.0,0.8688131650169941,1.0,biased_random_walk
1.0,-0.20683906601380952,1.0,0.5923269772864925,1.0,-0.7391046344142436,1.0,0.4924851602038687,1.0,0.016739578571021152,1.0,-0.8193430927348953,1.0,-0.003730995465962561,1.0,0.21972249397497423,1.0,0.6402700919943536,1.0,biased_random_walk
1.0,-0.8809274775589815,1.0,0.7945130412475474,1.0,-0.4997127685344753,1.0,-0.0036425917600899638,1.0,-0.05503602781112438,1.0,0.07928471983551377,1.0,-0.521620387900378,1.0,0.2852153844956038,1.0,-0.08181777637996657,1.0,biased_random_walk
1.0,0.5580103497950257,1.0,0.22434982578672802,1.0,-1.071040411246583,1.0,-0.4834073644214958,1.0,0.4587829403517101,1.0,-0.185781481101428,1.0,1.0201669810737104,1.0,-0.49298717683669,1.0,-0.4536633128341152,1.0,biased_random_walk
1.0,-0.1395894706555798,1.0,-0.7543917245566174,1.0,0.38180422933618097,1.0,0.10198115982544653,1.0,0.0901499219080768,1.0,0.039515431110819677,1.0,-0.1644643924827407,1.0,0.18462907564759634,1.0,-0.2708944676103129,1.0,biased_random_walk
1.0,0.8420633058827556,1.0,-0.4033577545117484,1.0,0.02723512519709237,1.0,-0.7097507500022537,1.0,0.49873573987125663,1.0,0.34396032413538746,1.0,-0.7366688738221296,1.0,0.8339323269082275,1.0,-0.519142170512858,1.0,biased_random_walk
1.0,-0.1870629944683726,1.0,0.12276868990998713,1.0,0.3437940659419154,1.0,-0.5608934995525185,1.0,0.6869083070156048,1.0,-0.8190389870288968,1.0,-0.05226750593564766,1.0,0.5734229720155124,1.0,-0.6202853065777538,1.0,biased_random_walk
1.0,0.4459232691718835,1.0,0.10590815703752199,1.0,-1.0421125394712263,1.0,0.7961766516364799,1.0,0.480950682076942,1.0,-0.24043244820183451,1.0,-0.5009410539775345,1.0,-0.12584766342154152,1.0,0.10615006385912329,1.0,biased_random_walk
1.0,0.3100632585097842,1.0,0.026983239050548224,1.0,0.014513737458883735,1.0,0.46364528654205905,1.0,-0.49313416384248754,1.0,-0.4285078359995884,1.0,0.8757106350722101,1.0,-0.7413118302736756,1.0,0.21833819297623736,1.0,biased_random_walk
1.0,-0.07342815024926841,1.0,-0.23000224480507558,1.0,0.2632415278271152,1.0,0.8493036781726708,1.0,-0.9742551035258309,1.0,0.16425176404703512,1.0,0.43990513030978873,1.0,-0.13237314898829888,1.0,0.006507899618787061,1.0,biased_random_walk
1.0,-0.9879114846354478,1.0,0.38532733516639217,1.0,0.34642976737568976,1.0,0.129331324669276,1.0,0.2776718341141131,1.0,-0.2878848025305567,1.0,-0.2470883917034019,1.0,0.0968843790966587,1.0,-0.08739593932369827,1.0,biased_random_walk
1.0,0.1491263860833243,1.0,-0.3539705509418085,1.0,-0.1653934152215948,1.0,-0.014351438166714026,1.0,0.6812777258786089,1.0,0.06423079673206766,1.0,-0.1008193417369192,1.0,-0.04722930513105572,1.0,-0.008217572831677344,1.0,biased_random_walk
1.0,0.23251106795934584,1.0,-0.5989552172053525,1.0,0.29635157871490003,1.0,-0.1852192498281533,1.0,0.5098771501499795,1.0,-0.4562052046566123,1.0,0.16468653210945394,1.0,0.17751531819669175,1.0,0.3331385014922823,1.0,biased_random_walk
1.0,-0.05124149822900348,1.0,0.6129657613639257,1.0,-0.6714814852312072,1.0,0.5441172259166374,1.0,-0.3569096865729864,1.0,0.16209536209003206,1.0,-0.5987145572506525,1.0,0.8846491680023512,1.0,-0.4236502135051343,1.0,biased_random_walk
1.0,1.0387286481826061,1.0,-0.4765591778116227,1.0,0.9763328107643625,1.0,-1.0824378943200013,1.0,-0.2639095265924678,1.0,0.15913215159206473,1.0,0.5232882471879647,1.0,-0.5702905368409663,1.0,0.1668235621290921,1.0,biased_random_walk
1.0,-0.49799606504636795,1.0,0.36265677353126335,1.0,-0.2204733658613054,1.0,-0.2592623404352943,1.0,0.7391658655575668,1.0,-0.07206487179611853,1.0,-0.2063143818197326,1.0,-0.3427849100290046,1.0,-0.38340366503586676,1.0,biased_random_walk
1.0,-0.20359188762365799,1.0,-0.553647435003028,1.0,0.5667799745013298,1.0,-0.5100038407072858,1.0,0.5216986524453673,1.0,0.05922249704220128,1.0,0.07391389540957771,1.0,-0.04808829221947031,1.0,-0.01609351860041608,1.0,biased_random_walk
1.0,0.2639715287711297,1.0,-0.044551994134990114,1.0,0.09620490351713329,1.0,0.17651930291041262,1.0,0.12182482708534348,1.0,0.3546473348311916,1.0,-1.4673761260894453,1.0,1.036639824701679,1.0,-0.20923436059695577,1.0,biased_random_walk
1.0,-0.46865741440183006,1.0,-0.902893734591633,1.0,0.7172163647028245,1.0,-0.32194100331780096,1.0,0.5285818847351607,1.0,-0.7152774117968397,1.0,0.3329554278920104,1.0,-0.010421197190935594,1.0,0.012145872035893124,1.0,biased_random_walk
1.0,-0.43768845807891,1.0,0.8022820402630524,1.0,0.18801679244426417,1.0,-0.37256594661078335,1.0,-0.33124656750977177,1.0,0.4259486051425614,1.0,0.12647014752807673,1.0,-0.25868361092304504,1.0,0.05649129002492348,1.0,biased_random_walk
1.0,-0.882238943194436,1.0,0.1957509822295096,1.0,-0.47044661884807404,1.0,0.42089314260837174,1.0,-0.013851074897975657,1.0,-0.07701224592976796,1.0,0.09292088993865644,1.0,0.8695059206801368,1.0,-0.6957958406447053,1.0,biased_random_walk
1.0,0.8071820465191366,1.0,-0.7884751730568738,1.0,-0.584069400320181,1.0,0.7459173566562121,1.0,-0.46777784131529554,1.0,0.8991492056024217,1.0,-1.0069444698510979,1.0,0.23228339190360714,1.0,-0.3579425429592993,1.0,biased_random_walk
1.0,-0.38852813926229857,1.0,0.33165651126498874,1.0,-0.10871243060864355,1.0,-0.08240790872325432,1.0,0.5432106866850468,1.0,-0.002704734228521577,1.0,-0.304770178494556,1.0,-0.3360244039057183,1.0,-0.059415719833001646,1.0,biased_random_walk
1.0,0.7403458394206845,1.0,-0.9940277643186475,1.0,-0.11444972104863993,1.0,0.030474947938251784,1.0,-0.13888760672809397,1.0,0.042950765493632304,1.0,0.26780048655826505,1.0,0.5720784711265119,1.0,-0.5008634037109934,1.0,biased_random_walk
1.0,-0.3854354460217637,1.0,0.6381292292558536,1.0,-0.08377805877441347,1.0,-0.41873564602262503,1.0,0.04877932853152522,1.0,0.3645777264282586,1.0,0.36815129489352927,1.0,-0.1346775598272485,1.0,-0.14696885406870885,1.0,biased_random_walk
1.0,0.22474733459908824,1.0,-0.11612512704126177,1.0,0.7626906745428053,1.0,-1.1537123755298753,1.0,0.266667723730706,1.0,0.5712231654257685,1.0,-0.5353616995306454,1.0,0.5901093806918292,1.0,-0.5126896958588891,1.0,biased_random_walk
1.0,-0.18014360323202627,1.0,-0.35251253308469277,1.0,0.14304334707187838,1.0,1.1120437215593224,1.0,-0.547971457174492,1.0,-0.013779449377654185,1.0,0.1214294073421125,1.0,-0.13419690423705566,1.0,0.15805276705723514,1.0,biased_random_walk
1.0,0.01488010203621215,1.0,0.42137209151682953,1.0,-0.46636303938524737,1.0,-0.3415364876875673,1.0,0.3856619603925373,1.0,-0.11131660226603302,1.0,0.40428042564950495,1.0,-0.46550307973492533,1.0,-0.11907206356155609,1.0,biased_random_walk
1.0,0.657983204737576,1.0,-0.5587966573304688,1.0,0.0729339942470495,1.0,-0.05297828126207893,1.0,0.09993694408046805,1.0,0.22089593338971225,1.0,0.1631631166586951,1.0,-1.0612179777527957,1.0,1.0491144855430266,1.0,biased_random_walk
1.0,-0.1108265246203417,1.0,0.9491884779226591,1.0,-0.896385087826137,1.0,0.7380448097752743,1.0,-0.34096663866873556,1.0,-0.6973206603681184,1.0,0.5298839790685372,1.0,0.08673773812797902,1.0,-0.3009819981772788,1.0,biased_random_walk
1.0,0.692480498969827,1.0,0.05324918519875821,1.0,-0.3197500020381332,1.0,1.023951849536581,1.0,-0.7226325890096867,1.0,-0.05199153398951184,1.0,0.03269014211674204,1.0,-0.16890210090479618,1.0,0.002572677475896512,1.0,biased_random_walk
1.0,0.07656694009453346,1.0,-0.28640813837922385,1.0,0.1454812770530438,1.0,-0.45365464525818266,1.0,0.66733891407259,1.0,-0.4437232843583798,1.0,0.3366566573262677,1.0,-0.39156977650720837,1.0,0.13668420022995198,1.0,biased_random_walk
1.0,-0.4978645828160415,1.0,1.284812125178568,1.0,-0.8748281701840965,1.0,-0.012584436981940783,1.0,-0.23097121249517727,1.0,0.8130531363789113,1.0,-0.07289097761326824,1.0,-0.3792204549069744,1.0,-0.582141565785022,1.0,biased_random_walk
1.0,0.39099476322573645,1.0,-0.39373360278178016,1.0,-0.23458620201406255,1.0,-0.0012198534244149961,1.0,0.14530706449368358,1.0,0.2740096555910654,1.0,-0.23120217098679507,1.0,0.23279839881981124,1.0,0.9682748674864143,1.0,biased_random_walk
1.0,-0.9811085803203174,1.0,0.4820604404210145,1.0,-0.08946050416425466,1.0,-0.07856375665368187,1.0,0.41235523169330834,1.0,-0.4801214935976028,1.0,0.002380914823748803,1.0,-0.017236107497903053,1.0,0.09577711341328499,1.0,biased_random_walk
1.0,-0.17787214172572252,1.0,-0.7391908841019004,1.0,0.31405223150875816,1.0,-0.12425463905289247,1.0,0.5633138258565804,1.0,-0.20643594948128197,1.0,0.23217131356420584,1.0,-0.33227130009740113,1.0,-0.6446140695846583,1.0,biased_random_walk
1.0,-0.0780337105754878,1.0,0.09792577002886382,1.0,-0.6320344634085848,1.0,0.48311154504939235,1.0,-0.26844256260880517,1.0,0.00021213930697561167,1.0,0.3632299076047909,1.0,-0.00034922555679539613,1.0,-0.4345823663097157,1.0,biased_random_walk
1.0,-0.26600280466808,1.0,0.6628024316083931,1.0,0.5926385397294749,1.0,-0.41103455344222706,1.0,-0.7666753227283092,1.0,0.48482055155013803,1.0,0.4482399338725567,1.0,0.43670294958092004,1.0,-0.1761549163783318,1.0,biased_random_walk
1.0,-0.05918913226927014,1.0,-0.4385823531557551,1.0,0.2119108995293031,1.0,0.04158679849492364,1.0,-0.15393282141300446,1.0,0.2923574107463387,1.0,-0.15924183796772562,1.0,0.25473410779352434,1.0,0.3829174509996274,1.0,biased_random_walk
1.0,-0.11286951898053932,1.0,-0.22994181325429253,1.0,-0.44652004311454485,1.0,0.4907545383455587,1.0,0.2295400955925717,1.0,-0.5417410651030536,1.0,0.7896855690676867,1.0,-0.5541759514152318,1.0,0.24633101406968416,1.0,biased_random_walk
1.0,-0.32363583536631735,1.0,1.160116075003784,1.0,-1.1271985339620434,1.0,0.7259729171459219,1.0,-0.5146243954283971,1.0,0.2914175066656819,1.0,-0.37862851909366846,1.0,0.1359129778145043,1.0,0.4665787426745931,1.0,biased_random_walk
1.0,-0.9747267356448366,1.0,0.2991066516973939,1.0,0.3272210328746006,1.0,-0.5509778541887389,1.0,0.46826382177428183,1.0,-0.5219764313666482,1.0,0.4847670508477977,1.0,-0.0584012882644962,1.0,0.2706099337963712,1.0,biased_random_walk
1.0,-0.5433627343698597,1.0,0.6483418826965686,1.0,-0.6163923818374148,1.0,0.6465511839842852,1.0,0.26523515432465405,1.0,-0.31931270810285106,1.0,-0.4010905561801059,1.0,0.6093268983495981,1.0,-0.35770069047137554,1.0,biased_random_walk
1.0,0.3108788162153284,1.0,0.6191617202315771,1.0,-0.6015083072404219,1.0,0.14862747755609895,1.0,-0.16220083195739488,1.0,-0.4687855679357442,1.0,0.41019996300422346,1.0,0.30273871227273386,1.0,-0.051859890853051205,1.0,biased_random_walk
1.0,-0.684394698337349,1.0,1.17165333524895,1.0,-0.17537082080182964,1.0,0.10612681976393601,1.0,0.09668296106376673,1.0,-0.6092936778928482,1.0,-0.05566532196895535,1.0,0.32069962879655023,1.0,0.47443193311251086,1.0,biased_random_walk
1.0,0.5081983082119854,1.0,-0.16950501546503727,1.0,0.4449047690329797,1.0,0.31592749779080487,1.0,-0.6144273907266724,1.0,-0.3297766910157378,1.0,0.4503046608936634,1.0,-0.11674197598082214,1.0,-0.4392214051737384,1.0,biased_random_walk
1.0,-0.49167548282256446,1.0,0.4212448600530019,1.0,-0.6977267707024515,1.0,0.8419280499516746,1.0,-0.885745704480593,1.0,0.870712021814712,1.0,-0.9999137059021739,1.0,1.1139565290340174,1.0,-0.6125455747963433,1.0,biased_random_walk
1.0,0.4611162398631343,1.0,0.19981146024951224,1.0,-0.4635453013187778,1.0,0.17351504928181116,1.0,0.2662987670172057,1.0,-0.1530522982153073,1.0,-1.0109185731965415,1.0,0.9198970754473419,1.0,0.2990635379184079,1.0,biased_random_walk
1.0,0.24835371798205852,1.0,-0.593191170079344,1.0,1.1323407977103432,1.0,-0.6120654828611256,1.0,-0.17031723555678768,1.0,0.26978666451189204,1.0,-0.0456292846180939,1.0,-0.2975141393817613,1.0,-0.2522354196743013,1.0,biased_random_walk
1.0,-0.2098194639754314,1.0,-0.8082236323189496,1.0,0.275116555178021,1.0,0.5485268827730247,1.0,-0.12515035613206127,1.0,0.05977069162502513,1.0,0.12630193107820498,1.0,-0.1732142060788462,1.0,0.5016970304888679,1.0,biased_random_walk
1.0,0.06633535619160114,1.0,0.2520843758159894,1.0,0.14760009402330265,1.0,0.014663681991062827,1.0,0.24440629610328246,1.0,-0.6857402632458345,1.0,0.5737842749150315,1.0,-0.24405312270414647,1.0,-0.5272420746304638,1.0,biased_random_walk
1.0,0.7759101226093872,1.0,-0.4538088932812898,1.0,-0.4380518417622099,1.0,-0.673377475969585,1.0,0.5805532621504161,1.0,0.011475050547523402,1.0,0.2721302642069854,1.0,0.7795983685416448,1.0,-0.5460904216454545,1.0,biased_random_walk
1.0,-0.4356404463276302,1.0,-0.08774474190272263,1.0,0.34161083162234096,1.0,-0.09069545919240696,1.0,1.2128104342416126,1.0,-1.1907059611279154,1.0,-0.07385943019470309,1.0,0.6089215990874086,1.0,-0.36699822371162893,1.0,biased_random_walk
1.0,0.8810543141423852,1.0,-0.5589844934232047,1.0,-0.3549132325989679,1.0,0.5760445837991166,1.0,0.058116646053764764,1.0,-0.2882659884608896,1.0,0.3614174420659175,1.0,0.043000420837492115,1.0,-0.594429839595263,1.0,biased_random_walk
1.0,-0.11701644432608482,1.0,0.790497722669071,1.0,0.47409751136994194,1.0,-0.07942636189218888,1.0,0.1359042188333035,1.0,0.16203271250867735,1.0,-0.6423480388341112,1.0,0.3630067606632026,1.0,-0.9023156336331057,1.0,biased_random_walk
1.0,-0.10350129996352653,1.0,-0.17002900153067646,1.0,-0.12139597492838217,1.0,-0.23514494086078885,1.0,0.4384455170054591,1.0,0.3970130149385147,1.0,-0.5740283894810068,1.0,0.31349977255126227,1.0,-0.4173570853603188,1.0,biased_random_walk
1.0,-0.4402639241762931,1.0,0.4836430081933063,1.0,-0.20819707049999625,1.0,0.18625392028080423,1.0,-0.3218407756381403,1.0,-0.19887379333981148,1.0,0.29585408734976903,1.0,0.4765551368214518,1.0,0.1893803999448176,1.0,biased_random_walk
1.0,0.39234088422231084,1.0,-0.014203384658273865,1.0,-0.12772448221410215,1.0,-0.6785882321332717,1.0,0.6546204334198213,1.0,-0.45154050780327104,1.0,0.7490411606386873,1.0,-0.1354633928020701,1.0,-0.059631681880145226,1.0,biased_random_walk
1.0,1.102087286996721,1.0,0.02737280237346429,1.0,-0.6902725555598801,1.0,0.7846526901923161,1.0,-0.31231013305157296,1.0,-0.09024064320512837,1.0,-0.18505589445762016,1.0,-0.1064904990773532,1.0,0.20397787768377906,1.0,biased_random_walk
1.0,-1.0062465271267351,1.0,0.0016553869471702676,1.0,-0.2988215202783362,1.0,0.0105953372920351,1.0,0.022938931560493536,1.0,-0.11674757603640495,1.0,0.6149877572958289,1.0,-0.4000467921341673,1.0,0.39674346036101715,1.0,biased_random_walk
1.0,0.7274976308676488,1.0,-0.3337257612265794,1.0,0.2424068158792747,1.0,-0.269265454683254,1.0,-0.27363088493132004,1.0,0.7324512137016717,1.0,-0.5745240287191549,1.0,0.1006352410053406,1.0,-0.2577576257666587,1.0,biased_random_walk
1.0,-0.20737045412801747,1.0,0.23448612642589728,1.0,0.021818761671399844,1.0,-0.3607350899000896,1.0,-0.2519007789175589,1.0,0.6433973731717915,1.0,0.16926506120370677,1.0,-0.07729934494102553,1.0,-0.6428312089099579,1.0,biased_random_walk
1.0,-0.0769777363194879,1.0,-0.035161242773320556,1.0,0.05088751801293645,1.0,-0.26296951873527474,1.0,0.1879505762815259,1.0,0.2485871711200227,1.0,-0.4997298910702783,1.0,-0.3263577539413878,1.0,0.465995352061904,1.0,biased_random_walk
1.0,-0.7124538274041816,1.0,0.4077957292648784,1.0,0.441914574428905,1.0,-0.25814463467091064,1.0,0.08468533496658548,1.0,-0.4718338837766738,1.0,0.7559332561209664,1.0,0.29605494416339617,1.0,-0.6821844921767681,1.0,biased_random_walk
1.0,-0.14844994565393232,1.0,0.7149241234967785,1.0,-0.27448876304384795,1.0,-0.3136502238979322,1.0,0.7008970281408216,1.0,-0.15670564972286227,1.0,-0.05642192526630163,1.0,-0.8247800646411592,1.0,0.5781034160856637,1.0,biased_random_walk
1.0,-0.6457962655424878,1.0,0.7516342049712588,1.0,0.1751069589021088,1.0,-0.13853178464688298,1.0,-0.6127266374186209,1.0,0.004865674516285168,1.0,0.575810596425379,1.0,0.018295413844089836,1.0,0.0820073631422118,1.0,biased_random_walk
1.0,-0.45399323411914816,1.0,-0.10821021808410514,1.0,-0.5044917707376859,1.0,0.9213125950460803,1.0,0.5208997316480719,1.0,-0.956340804587803,1.0,-0.004357213545409966,1.0,0.3925875129015033,1.0,-0.09591175429629528,1.0,biased_random_walk
1.0,0.22898093200054337,1.0,-0.1338278147928902,1.0,1.088873193407831,1.0,-0.9560236672905762,1.0,0.548446870998681,1.0,0.37137937502924867,1.0,-0.008135043918988227,1.0,-0.16365080485921402,1.0,0.07116571757711654,1.0,biased_random_walk
1.0,0.3105206899422992,1.0,-0.13344709643190855,1.0,0.15285275280629218,1.0,1.0162265592046484,1.0,-1.5010470702621572,1.0,0.7809582414228875,1.0,-0.6264340465324207,1.0,0.8988681681743658,1.0,-0.013583763451865405,1.0,biased_random_walk
1.0,0.9011637694311214,1.0,-0.6963594478558761,1.0,0.4288469437873794,1.0,-0.346324487099515,1.0,-0.3041578188441645,1.0,0.06267325516197486,1.0,0.09162465877455528,1.0,0.25670405645906813,1.0,-0.1715649443443552,1.0,biased_random_walk
1.0,-0.891321885255902,1.0,-0.09554723115961528,1.0,-0.08811501905090191,1.0,-0.020141300149990382,1.0,-0.23132195944986522,1.0,0.15858287148039407,1.0,0.6603449308467231,1.0,-0.295360645533854,1.0,-0.08081732027862909,1.0,biased_random_walk
1.0,0.2503520819624181,1.0,-0.15775942776768748,1.0,0.0550199626453276,1.0,-0.4652724822834946,1.0,0.10416263694367878,1.0,-0.1797831851556131,1.0,0.23716004344874841,1.0,-0.2515620340674971,1.0,0.1553821096065242,1.0,biased_random_walk
1.0,-0.014370397972720994,1.0,-0.017581066829094993,1.0,-0.07867238719746039,1.0,0.6288948979899085,1.0,-0.5767106266896866,1.0,-0.23354204386420196,1.0,0.4205436957457227,1.0,-0.4477776954155579,1.0,0.0056782296165778234,1.0,biased_random_walk
1.0,0.1789753669138836,1.0,-0.13113703665647125,1.0,0.6591187412093888,1.0,0.39523265215605274,1.0,-0.025561005797833936,1.0,0.21641211184780929,1.0,-0.050928739067108264,1.0,-0.6060101235713007,1.0,-0.10595516194896071,1.0,persistent_random_walk
1.0,0.33555149321057065,1.0,0.5624348374784441,1.0,0.2614950357206174,1.0,0.028271626196239907,1.0,0.2524839255647813,1.0,1.1682508276511452,1.0,0.3182991166141065,1.0,-0.05055822195914139,1.0,-0.7101184549377093,1.0,persistent_random_walk
1.0,0.3126496468375892,1.0,-0.5201286716416416,1.0,-0.13406675705819637,1.0,-0.4886648965453091,1.0,-0.6621754728084213,1.0,0.5676904743835127,1.0,0.08343135129997403,1.0,0.5392148355078996,1.0,0.33494007047170893,1.0,persistent_random_walk
1.0,0.12840217570103388,1.0,-0.22157431606407826,1.0,0.3353760437035176,1.0,0.03708097641262551,1.0,0.08858913651709359,1.0,0.16997388191337626,1.0,-0.1906484503920886,1.0,0.045119164273752024,1.0,-0.23444668706271582,1.0,persistent_random_walk
1.0,-0.5918733200432351,1.0,-0.4935138532003318,1.0,-0.27441169873938076,1.0,0.28516430379405033,1.0,0.27626656144687534,1.0,0.1088209258327355,1.0,-0.20704050217558567,1.0,0.64636484094473,1.0,-0.33876967668343294,1.0,persistent_random_walk
1.0,0.8377721308947628,1.0,-0.30535730665721283,1.0,-0.0027611513629577367,1.0,-0.27303377148537633,1.0,0.026757300995520872,1.0,0.1035706543992525,1.0,-0.17735766019079469,1.0,-0.21035668627624382,1.0,-0.969600465218948,1.0,persistent_random_walk
1.0,0.023452449361850536,1.0,-0.0028347273199852974,1.0,-0.24733882206982338,1.0,-0.3449196404658248,1.0,-0.281354715459861,1.0,-0.1581347690158681,1.0,-0.15347987236655314,1.0,0.15542740992627735,1.0,0.2831083027810404,1.0,persistent_random_walk
1.0,0.38665557455906274,1.0,-0.056760903102253124,1.0,0.1527803320817327,1.0,0.5862561217201483,1.0,0.25651682136666487,1.0,0.05716568966568669,1.0,-0.3334975266763567,1.0,-0.21307295348769895,1.0,-0.4787191097699739,1.0,persistent_random_walk
1.0,-0.09247809714307831,1.0,0.8885843383103325,1.0,-0.060897539358639285,1.0,-0.6094683649876362,1.0,-0.3895729644906085,1.0,-0.3382037305884431,1.0,0.01933328533456269,1.0,0.012515835919962193,1.0,0.7133248857998771,1.0,persistent_random_walk
1.0,-0.14218914008504724,1.0,-0.47977323691811524,1.0,0.3153081754486522,1.0,0.2691704460989325,1.0,0.10157760564587193,1.0,0.30926923988915744,1.0,-0.4075862259035048,1.0,0.25764322806025497,1.0,0.05718477592801974,1.0,persistent_random_walk
1.0,0.13402400758052213,1.0,0.8056209598837101,1.0,-0.5919547243577927,1.0,-0.010397932015333566,1.0,-0.39845836430346004,1.0,-0.012271548764819062,1.0,0.881774172761753,1.0,-0.5564656974888313,1.0,-0.0903870375009479,1.0,persistent_random_walk
1.0,-0.21851367715551362,1.0,-0.1341168277389705,1.0,0.15073629983060732,1.0,-0.40792371343649736,1.0,0.44124249962836515,1.0,-0.7497488762549401,1.0,0.07344655049455165,1.0,-0.1888077954625122,1.0,0.027659563661249408,1.0,persistent_random_walk
1.0,0.5889808089146538,1.0,0.5296970765585334,1.0,0.03410617599809562,1.0,0.07296599906989876,1.0,-0.021709409255590728,1.0,-0.41717122600570455,1.0,-0.27850435625675996,1.0,0.2758091320808864,1.0,-0.3713022113388078,1.0,persistent_random_walk
1.0,-0.5319595486445903,1.0,0.07255762532835441,1.0,-0.17626460399096566,1.0,0.22042358623044844,1.0,0.2732532004426069,1.0,0.1937757807794216,1.0,0.46108548668592286,1.0,0.030359535138253957,1.0,-0.13137347635295926,1.0,persistent_random_walk
1.0,-0.1503778807959003,1.0,-0.2999923058976036,1.0,-0.07433562833354829,1.0,-0.2456346287834894,1.0,0.00947052929565545,1.0,0.11199257156601411,1.0,0.1923372539619086,1.0,-0.39515412010653117,1.0,0.3814378753356034,1.0,persistent_random_walk
1.0,-0.47459206558483036,1.0,-0.57726085724528,1.0,-0.017704471143097145,1.0,0.7528816160830667,1.0,0.2800230310608205,1.0,-0.5310870561615664,1.0,0.45273756049501834,1.0,-0.36188166730645843,1.0,0.270158095630765,1.0,persistent_random_walk
1.0,0.5391331391085004,1.0,-0.03975089605594162,1.0,0.0940933763752474,1.0,-0.23007011723852422,1.0,0.19309578423049834,1.0,0.23694701160241483,1.0,-0.17044204178826305,1.0,-0.4406307853284086,1.0,-0.008642444077312739,1.0,persistent_random_walk
1.0,0.2747319871711582,1.0,-0.5677844034222206,1.0,-0.029324280547031734,1.0,0.29440177381370525,1.0,-0.06171784374998257,1.0,-0.1331746906374054,1.0,-0.40507289837406635,1.0,-0.11757805609279792,1.0,-0.04713181823256729,1.0,persistent_random_walk
1.0,-0.04740499851606428,1.0,-0.45772265878631835,1.0,1.0036663453003491,1.0,0.10833720237078337,1.0,0.08691319556481147,1.0,0.5737666870826108,1.0,0.2848136697231727,1.0,0.02368953269329932,1.0,-0.3798282542502136,1.0,persistent_random_walk
1.0,-0.1720689518747598,1.0,-0.10833544349265267,1.0,-0.3786613625433288,1.0,-0.7103942757417254,1.0,-0.05818663105192634,1.0,0.07092386133863915,1.0,0.03356722382383914,1.0,-0.054001491058219386,1.0,-0.08689252049870966,1.0,persistent_random_walk
1.0,-0.6171344064326585,1.0,-0.06321732715153106,1.0,-0.37995050899590566,1.0,0.029316078284754354,1.0,0.34317569839325457,1.0,-0.491754260609512,1.0,0.04092668041509362,1.0,0.14355736139248076,1.0,-0.033869366115381716,1.0,persistent_random_walk
1.0,0.2984355205303828,1.0,-0.19275423815197001,1.0,-0.14872364274009175,1.0,-0.46954731327783783,1.0,0.15341285025450002,1.0,-0.4135459329078466,1.0,-0.3859979183730382,1.0,-0.5095295348007869,1.0,-0.3982723175357541,1.0,persistent_random_walk
1.0,0.7778598445600813,1.0,-0.363533968945577,1.0,0.3166514923224457,1.0,0.40728117024939525,1.0,-0.8013903810605325,1.0,0.03941993087225626,1.0,-0.002676926459766804,1.0,-0.11566919696818267,1.0,0.2786741940435622,1.0,persistent_random_walk
1.0,-0.14884070486042633,1.0,0.19189379303246978,1.0,0.3784836335476802,1.0,-0.24693230587822823,1.0,-0.23178855487698824,1.0,-0.043970239752098905,1.0,-0.9955475233747895,1.0,0.21028109071997036,1.0,-0.01211819176506923,1.0,persistent_random_walk
1.0,0.30340126213370544,1.0,-0.3325917836306669,1.0,-0.41024539166345564,1.0,-0.05855054280531968,1.0,0.85599409632409,1.0,-0.11704134005174716,1.0,0.2403932869192449,1.0,0.1136225130642714,1.0,-0.1663539780434684,1.0,persistent_random_walk
1.0,-0.011405832995463605,1.0,-0.2098683205443237,1.0,-0.5127129808844106,1.0,0.19200744039067086,1.0,0.2909615080204553,1.0,-0.31623160531940453,1.0,0.22468393197065328,1.0,-0.2623201869311238,1.0,-0.4483977551960976,1.0,persistent_random_walk
1.0,0.18457612786380828,1.0,0.33503717057345295,1.0,0.8228063892706103,1.0,0.621813160660138,1.0,0.13643578856489302,1.0,0.4999537396007607,1.0,-0.21728297557843668,1.0,0.4087800650908431,1.0,0.04900189983007586,1.0,persistent_random_walk
1.0,0.22489025299579557,1.0,-1.01594030307926,1.0,0.33266113750537163,1.0,0.18431359251373952,1.0,-0.07089985579570912,1.0,0.2235148373951697,1.0,-0.038518164302278196,1.0,-0.018577497972983734,1.0,0.019640796799968968,1.0,persistent_random_walk
1.0,0.4636848987842106,1.0,0.18818350406098006,1.0,-0.38506952706165265,1.0,0.2143470021492555,1.0,0.06839567672840419,1.0,-0.3626112844022984,1.0,0.25324865807898567,1.0,0.09786477347348388,1.0,0.6209206283729896,1.0,persistent_random_walk
1.0,-0.3279871902076872,1.0,0.45827673373085265,1.0,0.050902042037138884,1.0,0.654964060747175,1.0,0.362438366790383,1.0,-0.01137290800333357,1.0,-0.5889956109247079,1.0,0.04628381137247395,1.0,0.11333390233825735,1.0,persistent_random_walk
1.0,-0.3013860003676454,1.0,-0.6160846800427429,1.0,0.11308305156959486,1.0,-0.1453468401129041,1.0,0.23553526313578965,1.0,-0.17722558911203246,1.0,0.2341179122663184,1.0,-0.5118501723260045,1.0,-0.5255790022759679,1.0,persistent_random_walk
1.0,-0.19519977327041338,1.0,0.5345754934627126,1.0,0.37899124102038395,1.0,-0.2077033337912082,1.0,0.2504577866183295,1.0,0.24297541187267346,1.0,0.394271949595594,1.0,-0.09731917872637652,1.0,0.6082940038947233,1.0,persistent_random_walk
1.0,0.137190910467758,1.0,0.3938155494584574,1.0,-0.18270754749440687,1.0,-0.44873638444266417,1.0,0.2910744018011995,1.0,-0.05914314220683048,1.0,-0.42154756163280016,1.0,0.5765662729154575,1.0,0.30905063295303714,1.0,persistent_random_walk
1.0,-0.009808778909466298,1.0,-0.387317244399244,1.0,-0.30702640492282096,1.0,-0.0449856331194346,1.0,-0.056211347254124244,1.0,-0.2699035078806209,1.0,0.2929221899903147,1.0,0.2477218076535075,1.0,-0.28386674548853974,1.0,persistent_random_walk
1.0,-0.29222377202722327,1.0,0.1234480110432345,1.0,0.5926087803316054,1.0,0.3529573831606736,1.0,-0.24720261204866412,1.0,0.7763625187021592,1.0,-0.5032153806879478,1.0,-0.6419935552113295,1.0,0.5301128124434681,1.0,persistent_random_walk
1.0,-0.05051500436878431,1.0,-0.2876180609038217,1.0,0.3860010759824011,1.0,-0.4580704766964452,1.0,-0.3655131012144617,1.0,-0.12505066849860214,1.0,-0.16516418015855816,1.0,0.3924540590701291,1.0,-0.18227543004731306,1.0,persistent_random_walk
1.0,1.1885629285378263,1.0,-0.5679412979230642,1.0,-0.20390475632174443,1.0,-0.04555709076904968,1.0,-0.7213507544043072,1.0,-0.0941660670853568,1.0,0.1104522083517474,1.0,-0.18135662127810415,1.0,0.12229578888768788,1.0,persistent_random_walk
1.0,-0.6178674363218022,1.0,-1.0040423717039717,1.0,-0.49504738809629334,1.0,0.7378815356936501,1.0,-0.45737832124230593,1.0,0.0326924935084385,1.0,-1.0056135558698256,1.0,-0.035841697953290064,1.0,-0.5732625460177732,1.0,persistent_random_walk
1.0,-0.18638559816729705,1.0,0.33142540379376806,1.0,-0.25682965915180445,1.0,0.18534148002926543,1.0,0.18039448468204,1.0,-0.4440498533287296,1.0,0.22886363955398004,1.0,0.07617824407756357,1.0,-0.5773884366829787,1.0,persistent_random_walk
1.0,0.21661116034980044,1.0,0.11524219729972618,1.0,-0.21903325457668466,1.0,-0.09935207147751957,1.0,0.014330592713599266,1.0,0.1496056858086785,1.0,-0.18377609641356862,1.0,0.07698498015037902,1.0,-0.3064252229924094,1.0,persistent_random_walk
1.0,-0.5391041030452377,1.0,-0.13299353852084161,1.0,-1.0990730107964062,1.0,-0.24977297778038965,1.0,0.24396243097944748,1.0,0.5156420752680888,1.0,0.012136980802342379,1.0,-0.39887579311978927,1.0,-0.2241521695278661,1.0,persistent_random_walk
1.0,0.23685265340286055,1.0,-0.06351719017550295,1.0,-0.635408336190487,1.0,-0.11668164571328754,1.0,0.012633829644519423,1.0,-0.4484063032329271,1.0,0.4749655089226237,1.0,-0.3883758099349399,1.0,0.00040434360541574677,1.0,persistent_random_walk
1.0,-0.1458543454729413,1.0,-0.026201661864900583,1.0,-0.13110756794306866,1.0,-0.006669938666079567,1.0,0.1639247980094738,1.0,-0.316737809243691,1.0,-0.471833059031574,1.0,-0.17431832605177044,1.0,0.046173273414506166,1.0,persistent_random_walk
1.0,-0.17727154762346187,1.0,0.3358655721827064,1.0,-0.4702621847697377,1.0,0.0014911832561923521,1.0,0.18412682639812505,1.0,0.00877223780900227,1.0,-0.8165432297362946,1.0,0.38360530887437916,1.0,0.2945594773847039,1.0,persistent_random_walk
1.0,0.23298913423130685,1.0,-0.5515139683605677,1.0,0.008434111380490883,1.0,0.10661172612617342,1.0,0.5208038398686092,1.0,-0.2574981618004859,1.0,0.4347596965306675,1.0,-0.15469004762510608,1.0,0.16853531199723637,1.0,persistent_random_walk
1.0,0.26627657190852916,1.0,0.05588615350872628,1.0,-0.1098572559802784,1.0,0.018313321825957907,1.0,-0.47338767333404774,1.0,-1.1679116837516013,1.0,-0.08063671361332572,1.0,0.05987894047626369,1.0,0.541685414163211,1.0,persistent_random_walk
1.0,-0.0035281084771616733,1.0,-0.34857590318750864,1.0,0.35343384138526,1.0,-0.21913543253987378,1.0,-0.2508553539530367,1.0,-0.33323906366828515,1.0,0.48133353609536034,1.0,-0.2536907422777377,1.0,-0.2905420655497446,1.0,persistent_random_walk
1.0,-0.19354503163870707,1.0,0.07502608230777064,1.0,0.6784759021375661,1.0,0.5380755301923843,1.0,-0.40317466638753885,1.0,0.11629412809498518,1.0,-0.7436609247754404,1.0,-0.0017285791823198338,1.0,-0.3210189964171972,1.0,persistent_random_walk
1.0,0.5384456850408816,1.0,-0.14475977969283838,1.0,0.2757516471368202,1.0,0.02365172483915101,1.0,0.10705462569802293,1.0,0.0775866697895391,1.0,0.1845725139205121,1.0,-0.4810312720157679,1.0,-0.47608057028473016,1.0,persistent_random_walk
1.0,-0.06618072613196224,1.0,-0.3050341221880919,1.0,-0.3850683421246883,1.0,0.12912474610850855,1.0,0.1247940817149551,1.0,-0.07309126777732167,1.0,-0.2270626546619916,1.0,0.6034936980358394,1.0,0.06847850282319556,1.0,persistent_random_walk
1.0,-0.09182510107410513,1.0,0.13136126148611216,1.0,0.438473921923481,1.0,0.1755828160000612,1.0,-0.38502996101686193,1.0,-0.024364978710917917,1.0,-0.04033317691886573,1.0,-0.09913892651281353,1.0,0.28894566458828264,1.0,persistent_random_walk
1.0,0.4774697022611454,1.0,0.4005631507389946,1.0,0.0877373058920563,1.0,0.4654749169235668,1.0,-0.37798825814620507,1.0,-0.1941981900532177,1.0,-0.1062318941775553,1.0,0.1273303831351127,1.0,-0.06364691120237076,1.0,persistent_random_walk
1.0,-0.5491984445143197,1.0,-0.205057919206868,1.0,-0.03996089080770293,1.0,-0.27856761699854005,1.0,0.4337600478158563,1.0,-0.19308626794578254,1.0,-0.2879244060861923,1.0,0.03657474233089775,1.0,-0.10972533618245017,1.0,persistent_random_walk
1.0,-0.20494829658278713,1.0,0.08165440453167339,1.0,-0.1718121066442755,1.0,-0.054354584262570116,1.0,-0.2968233777577487,1.0,-0.2137486040234997,1.0,0.17577154128572925,1.0,-0.33573739367044464,1.0,-0.6818923433280125,1.0,persistent_random_walk
1.0,0.49670800151182626,1.0,-0.47677864565943434,1.0,0.24240860851040183,1.0,-0.2748299547599517,1.0,-0.28434413344817044,1.0,-0.31135781636891424,1.0,-0.11521779371001051,1.0,0.12995699543068462,1.0,0.3864240946755352,1.0,persistent_random_walk
1.0,-0.2345176859003275,1.0,0.008684650076425271,1.0,-0.06730938446754653,1.0,-0.20800899054354627,1.0,-0.0036064802742135083,1.0,0.04235602183932996,1.0,0.20556978791795366,1.0,0.0553016490682241,1.0,-0.012834965649698216,1.0,persistent_random_walk
1.0,-0.7275660431342692,1.0,0.0026863484111487868,1.0,0.32668099425578445,1.0,0.1283718458585592,1.0,-0.18658214963428588,1.0,-0.22584085312940694,1.0,-0.7125180475601722,1.0,0.13948988981377153,1.0,0.30434707066273403,1.0,persistent_random_walk
1.0,0.6478851450094777,1.0,0.11139605488372584,1.0,-0.16122986766193526,1.0,-0.2581854882774939,1.0,-0.5419470803106016,1.0,-0.4052418196966473,1.0,-0.8051110783324202,1.0,0.19011971556273483,1.0,-0.18079069831731248,1.0,persistent_random_walk
1.0,0.30140313774261873,1.0,0.2088825897371187,1.0,-0.031212319172407632,1.0,-0.3876078104368963,1.0,0.29896085064598044,1.0,-0.03944116059864822,1.0,0.2722950819697534,1.0,0.1318018862939745,1.0,-0.462245958682185,1.0,persistent_random_walk
1.0,-0.685812212908129,1.0,0.5100474459396251,1.0,-0.4029338364495787,1.0,0.4068270136422696,1.0,-0.05542622801640018,1.0,-0.1255758577540651,1.0,-0.39999884173311506,1.0,0.49983114957946473,1.0,-0.09764814646101772,1.0,persistent_random_walk
1.0,0.5461694218165376,1.0,0.052897940295623336,1.0,-0.4191600789651355,1.0,0.5263158485689181,1.0,0.1651842738763145,1.0,0.00576556175709797,1.0,-0.2102074881740763,1.0,0.3030442851208224,1.0,0.2538446482364547,1.0,persistent_random_walk
1.0,-0.12839896468459894,1.0,-0.291711991413665,1.0,-0.01900712671739735,1.0,-0.5192653665692233,1.0,0.18344463282623802,1.0,-0.2978221637290607,1.0,0.1801618348325807,1.0,-0.023295241147155976,1.0,-0.17165416663162852,1.0,persistent_random_walk
1.0,0.012438425149152721,1.0,0.18601833271629786,1.0,-0.6909433506303571,1.0,-0.7415213585155813,1.0,0.17420961992041484,1.0,0.2013994012164888,1.0,-0.18580706742915387,1.0,-0.25033834298375934,1.0,0.3482546243637481,1.0,persistent_random_walk
1.0,-0.1268964823576475,1.0,-0.4350309434525341,1.0,-0.4760462360179565,1.0,-0.10948396626118662,1.0,0.6006975758521333,1.0,0.31838841216519054,1.0,0.007266564124281949,1.0,0.1604014437212049,1.0,0.2787503076967237,1.0,persistent_random_walk
1.0,-0.0029777526748848704,1.0,0.30426013148874054,1.0,0.056217136352546326,1.0,-0.10366111205606199,1.0,-0.23140240152238034,1.0,0.21340837767417575,1.0,0.22211872597537585,1.0,-0.09762384012285308,1.0,-0.46719429737435725,1.0,persistent_random_walk
1.0,0.4611400989448544,1.0,-0.09555745445676944,1.0,0.24874833961970078,1.0,0.0730255086006415,1.0,0.34290194257360795,1.0,0.1769618523437715,1.0,-0.6626316305812305,1.0,-0.01396566992349868,1.0,-0.5641499423586613,1.0,persistent_random_walk
1.0,0.23906141726002073,1.0,0.2591665365479714,1.0,-0.5392208339467075,1.0,0.3245540140986791,1.0,0.8102128835119924,1.0,-0.5525503137878109,1.0,-0.5053706188644105,1.0,-0.5365818139527063,1.0,0.12312479863148451,1.0,persistent_random_walk
1.0,0.4453509160491058,1.0,0.7145881177262723,1.0,-0.08254108903271407,1.0,0.12480826335566597,1.0,-0.07746119568538345,1.0,-0.08876205804316761,1.0,-0.39313435858636403,1.0,0.17754300210491536,1.0,-0.11390304460043499,1.0,persistent_random_walk
1.0,-0.2603875617822986,1.0,0.5943874671196667,1.0,0.033249149915954845,1.0,0.4223055738424888,1.0,-0.03225225169393742,1.0,-0.0038056963530381793,1.0,-0.021223397457143633,1.0,0.5383722631976173,1.0,-0.45846457437347166,1.0,persistent_random_walk
1.0,0.19137941090331978,1.0,0.6929371335465513,1.0,-0.07120085304156465,1.0,0.0954042644530162,1.0,-0.39278774312798426,1.0,-0.0431342034926665,1.0,0.44876789254181126,1.0,-0.5983286744716594,1.0,-0.7174635614132341,1.0,persistent_random_walk
1.0,0.32210342740055786,1.0,0.19339656447080822,1.0,0.30267926522908617,1.0,-0.10560797658770404,1.0,0.25055967236906085,1.0,-0.26011363792305,1.0,0.34665904459522334,1.0,0.3213298826448785,1.0,0.2871046153344734,1.0,persistent_random_walk
1.0,-0.26411859432058415,1.0,0.29625688680520124,1.0,-0.24986927858688746,1.0,-0.4141066469303851,1.0,0.07186206182871155,1.0,0.023192721370680236,1.0,0.44132269657450124,1.0,-0.04241923749077525,1.0,0.2258803122109504,1.0,persistent_random_walk
1.0,0.44270484472983007,1.0,-0.012346350254589744,1.0,-0.43139125307004544,1.0,0.007825501310851912,1.0,-0.49404335523759,1.0,0.24580212135884594,1.0,-0.11966335604693068,1.0,-0.45315246463725334,1.0,-0.8439038706782447,1.0,persistent_random_walk
1.0,-0.05269052695484433,1.0,0.20983253957500114,1.0,-0.07735154478020512,1.0,0.19825372903955785,1.0,-0.34719605395017084,1.0,-0.22751878073110632,1.0,-0.15829735801157252,1.0,-0.14892396226490145,1.0,-0.0018873450142296022,1.0,persistent_random_walk
1.0,-0.38507822718916795,1.0,0.21719644034462693,1.0,0.19327514841748172,1.0,0.23059519521707017,1.0,-0.046822387399239496,1.0,-0.5239562047233814,1.0,-0.1268965770356303,1.0,-0.44277989845409316,1.0,-0.029215544903204993,1.0,persistent_random_walk
1.0,0.3690086460407658,1.0,-0.4636650080891105,1.0,0.2560524266906512,1.0,-0.12328604445912728,1.0,-0.24187648781118654,1.0,-0.13128248671566478,1.0,-0.34681838262108045,1.0,0.2886643080097029,1.0,0.027777850790950076,1.0,persistent_random_walk
1.0,0.36335697964549096,1.0,-0.14985371923715096,1.0,-0.226191177510084,1.0,-0.0933938661009468,1.0,-0.5076558480963702,1.0,-0.22754360150335895,1.0,0.17135537963813707,1.0,-0.027696884680946,1.0,-0.2514679904819179,1.0,persistent_random_walk
1.0,0.25720359951598226,1.0,-0.19966698461291266,1.0,0.3101465280596898,1.0,0.49268207708645484,1.0,0.18498921902227217,1.0,0.2456474869901788,1.0,-0.06838626023680572,1.0,0.12379951837194803,1.0,0.28977611274088577,1.0,persistent_random_walk
1.0,0.4051600230807373,1.0,-0.17013948684071645,1.0,0.39143229945117053,1.0,0.4153692333202539,1.0,-0.23162180383397812,1.0,0.11076205396727179,1.0,0.02387462035412513,1.0,-0.30275298560845476,1.0,-0.5786271439040669,1.0,persistent_random_walk
1.0,-0.1257309124761372,1.0,-0.5161526130591163,1.0,0.39051291105087316,1.0,-0.09948885983453426,1.0,0.023061352190099527,1.0,0.1131175096109267,1.0,0.19343175046733396,1.0,-0.43009953806534007,1.0,-0.2580084439954886,1.0,persistent_random_walk
1.0,0.5392006594328578,1.0,-0.13002581034149863,1.0,0.11722128712005286,1.0,-0.24255980843781,1.0,-0.4395153322671561,1.0,0.07605758936870632,1.0,-0.14034201507215815,1.0,0.09845607360908559,1.0,-0.012200954838428757,1.0,persistent_random_walk
1.0,-0.30065914588006626,1.0,-0.4598952745025682,1.0,0.3284315893982588,1.0,-0.0922695955332058,1.0,0.6313619678910238,1.0,0.10005703936115928,1.0,-0.05890280199889242,1.0,0.07785432996706376,1.0,-0.7692070751544309,1.0,persistent_random_walk
1.0,0.3285274247740597,1.0,-0.30605887353479844,1.0,0.00280282329570003,1.0,0.28285251058665306,1.0,0.20938111052408725,1.0,-0.35719958193973955,1.0,-0.5338098527292958,1.0,0.0529519601257471,1.0,-0.7226762476042996,1.0,persistent_random_walk
1.0,0.2652202870123238,1.0,0.5849747888824038,1.0,0.20701086489380394,1.0,-0.07151241267362618,1.0,-0.2645938704327613,1.0,-0.2737761376904879,1.0,0.04818716425144398,1.0,0.10298156729787133,1.0,-0.3535120086035532,1.0,persistent_random_walk
1.0,0.2186112565607572,1.0,0.713122107885499,1.0,-0.2526557690774611,1.0,0.12247745363290985,1.0,0.30757929688002417,1.0,0.1392581064275138,1.0,-0.5699059640229471,1.0,-0.07843922360508682,1.0,0.37134044774320785,1.0,persistent_random_walk
1.0,0.15000969831775368,1.0,-0.39064718805892706,1.0,-0.6538019661999392,1.0,0.3712944291514253,1.0,-0.1287716492043609,1.0,0.23414650109098378,1.0,-0.9051369832473162,1.0,-0.12008481400669702,1.0,0.2201722892609661,1.0,persistent_random_walk
1.0,0.310759868658705,1.0,0.2572294843829699,1.0,0.5211427198253982,1.0,0.2977927884383016,1.0,0.15687774058520354,1.0,-0.3633620527707411,1.0,0.24872036752812487,1.0,0.33286372436531586,1.0,-0.11667259122480456,1.0,persistent_random_walk
1.0,-0.3322268613902104,1.0,0.3855564673264307,1.0,0.4982214995968104,1.0,-0.7405670364919932,1.0,0.5440313766373654,1.0,0.3960754266161852,1.0,-0.09358019480255164,1.0,-0.21646857244284035,1.0,0.12604378171628738,1.0,persistent_random_walk
1.0,-0.061678292040236116,1.0,-0.13991665117532204,1.0,-0.18870704540875183,1.0,-0.1767419989273853,1.0,0.3035722563258567,1.0,-0.07672727862809348,1.0,-0.21861383793001132,1.0,0.27161175380427527,1.0,0.22675367939064017,1.0,persistent_random_walk
1.0,-0.6895004420924804,1.0,0.4243321094822525,1.0,-0.4125354123149648,1.0,0.571321969656446,1.0,0.1324569726796785,1.0,0.46157131374482363,1.0,-0.629258829880309,1.0,0.10711682392906607,1.0,-0.3500474747618605,1.0,persistent_random_walk
1.0,0.2834166805231866,1.0,-0.04472330722199791,1.0,-0.06491831747863763,1.0,-0.17708380828504117,1.0,-0.04465807904282984,1.0,0.4336933037603541,1.0,-0.08633426039808656,1.0,-0.2572210650788559,1.0,-0.16139350180330078,1.0,persistent_random_walk
1.0,-0.7421573706484117,1.0,-0.24201260511841172,1.0,-0.1343717133029454,1.0,-0.07753145051461452,1.0,-0.08108123217056118,1.0,-0.011174283342570757,1.0,-0.29853329766883263,1.0,-0.035501222948477906,1.0,-0.182260718723247,1.0,persistent_random_walk
1.0,-0.27576035750819283,1.0,0.19665498260101888,1.0,-0.3687406657982635,1.0,0.25479243299211785,1.0,0.41067964451142647,1.0,0.01226260274744817,1.0,0.07787456377763657,1.0,0.32232947488061203,1.0,0.18486216674066291,1.0,persistent_random_walk
1.0,-0.6079977630524294,1.0,-0.22620555056745761,1.0,0.32490884217090166,1.0,0.05613483958216925,1.0,-0.25927836188511666,1.0,-0.49260276244667445,1.0,0.04430168960611702,1.0,0.1550350424662419,1.0,-0.2099052912424373,1.0,persistent_random_walk
1.0,0.010261915736539784,1.0,0.16192325728229928,1.0,-0.5229566066761375,1.0,-0.23174658117056168,1.0,-0.2622163907311945,1.0,-0.015375888775779778,1.0,-0.008470015169319112,1.0,0.9701881118039983,1.0,0.09205582939797807,1.0,persistent_random_walk
1.0,0.2131009955176354,1.0,0.48539574891661386,1.0,0.12586401671715164,1.0,-0.13611899215702472,1.0,-0.20775533612843078,1.0,0.43689281426156135,1.0,-0.23371778771581808,1.0,0.24924468001739908,1.0,0.7939971188048425,1.0,persistent_random_walk
1.0,0.6430599154981067,1.0,0.22053418474595876,1.0,0.23568670648220635,1.0,-0.7587984665872298,1.0,0.4244622566911298,1.0,-0.1039138005803153,1.0,0.3285950109873843,1.0,0.17130266657383864,1.0,0.622700644788365,1.0,persistent_random_walk
1.0,-0.5044867647011744,1.0,0.06275106745273185,1.0,-0.06489052981596477,1.0,0.05654889935301144,1.0,-0.2559723209872966,1.0,-0.02383423553277253,1.0,0.4356353554327326,1.0,0.13038212278474104,1.0,-0.20901113521588788,1.0,persistent_random_walk
1.0,0.18616411828030088,1.0,0.4755228366437292,1.0,0.026744408971320688,1.0,-0.5591065400161623,1.0,-0.28129898087064387,1.0,0.2884437824052659,1.0,0.434845158544686,1.0,-0.4077517369957562,1.0,0.12314556540434385,1.0,persistent_random_walk
1.0,0.20643132392058838,1.0,0.05970683280988176,1.0,0.424956333013494,1.0,0.4366929133977262,1.0,-0.024847194431839803,1.0,-0.09554635444740356,1.0,0.14754390244568594,1.0,-0.38559562444883877,1.0,-0.14861546977554507,1.0,persistent_random_walk
